,config.acc_threshold,config.activation,config.epochs,config.eta,config.initializer,config.mini_batch_size,config.samples_per_worker,config.thread_count,config.thread_state,config.topology,mean_peak_accuracy,mean_final_accuracy,mean_total_time,mean_training_time,mean_testing_time,run_count,seed_count
0,94.0,relu,30,0.5,lecun_normal,128,32,16,0,"(784, 512, 128, 30, 10)",98.413330078125,98.34333038330078,116.94361623128255,108.18679809570312,8.756816864013672,3,3
295,94.0,relu,30,9.0,xavier_normal,64,32,16,0,"(784, 30, 10)",9.800000190734863,9.800000190734863,8.57901414235433,7.937263647715251,0.6417504747708639,3,3
296,94.0,relu,30,9.0,xavier_normal,128,32,16,0,"(784, 128, 30, 10)",9.800000190734863,9.800000190734863,25.78316370646159,23.87904993693034,1.9041136105855305,3,3
297,94.0,relu,30,9.0,xavier_normal,256,32,16,0,"(784, 30, 10)",9.800000190734863,9.800000190734863,8.785447438557943,8.137608210245768,0.6478388905525208,3,3
298,94.0,relu,30,9.0,xavier_normal,256,32,16,0,"(784, 128, 30, 10)",9.800000190734863,9.800000190734863,24.625478108723957,22.461498260498047,2.163980404535929,3,3
299,94.0,relu,30,9.0,xavier_normal,32,32,16,0,"(784, 512, 128, 30, 10)",9.800000190734863,9.800000190734863,128.22427368164062,119.7222900390625,8.501976013183594,1,1
300,94.0,relu,30,9.0,xavier_normal,32,32,16,0,"(784, 128, 30, 10)",9.800000190734863,9.800000190734863,26.73587926228841,24.683127721150715,2.0527517795562744,3,3
301,94.0,relu,30,9.0,xavier_normal,32,32,16,0,"(784, 30, 10)",9.800000190734863,9.800000190734863,8.745023409525553,8.06602684656779,0.678996741771698,3,3
302,94.0,relu,30,9.0,lecun_normal,256,32,16,0,"(784, 128, 30, 10)",9.800000190734863,9.800000190734863,24.587565104166668,22.426769892374676,2.160795529683431,3,3
303,94.0,relu,30,9.0,lecun_normal,256,32,16,0,"(784, 30, 10)",9.800000190734863,9.800000190734863,8.771398544311523,8.123113632202148,0.6482848127683004,3,3
304,94.0,relu,30,9.0,lecun_normal,128,32,16,0,"(784, 512, 128, 30, 10)",9.800000190734863,9.800000190734863,113.87071228027344,104.55792999267578,9.31278133392334,1,1
305,94.0,relu,30,9.0,lecun_normal,128,32,16,0,"(784, 128, 30, 10)",9.800000190734863,9.800000190734863,25.636505126953125,23.744728088378906,1.8917766213417053,2,2
306,94.0,relu,30,9.0,lecun_normal,128,32,16,0,"(784, 30, 10)",9.800000190734863,9.800000190734863,7.959179083506267,7.334424177805583,0.6247549255688986,3,3
307,94.0,relu,30,9.0,lecun_normal,64,32,16,0,"(784, 512, 128, 30, 10)",9.800000190734863,9.800000190734863,124.83955383300781,115.67617797851562,9.163379669189453,1,1
308,94.0,relu,30,9.0,lecun_normal,64,32,16,0,"(784, 128, 30, 10)",9.800000190734863,9.800000190734863,26.128799438476562,24.26088269551595,1.8679173390070598,3,3
309,94.0,relu,30,9.0,lecun_normal,64,32,16,0,"(784, 30, 10)",9.800000190734863,9.800000190734863,8.579387346903482,7.9375983874003095,0.641789178053538,3,3
310,94.0,relu,30,9.0,lecun_normal,32,32,16,0,"(784, 512, 128, 30, 10)",9.800000190734863,9.800000190734863,129.46297454833984,120.87934494018555,8.583624839782715,2,2
311,94.0,relu,30,9.0,lecun_normal,32,32,16,0,"(784, 128, 30, 10)",9.800000190734863,9.800000190734863,26.568165461222332,24.529494603474934,2.0386712153752646,3,3
312,94.0,relu,30,6.0,lecun_normal,256,32,16,0,"(784, 128, 30, 10)",9.800000190734863,9.800000190734863,24.810187657674152,22.621748606363933,2.188438653945923,3,3
313,94.0,relu,30,6.0,lecun_normal,256,32,16,0,"(784, 512, 128, 30, 10)",9.800000190734863,9.800000190734863,114.9811019897461,105.6519889831543,9.329111099243164,2,2
314,94.0,relu,30,1.0,xavier_normal,32,32,16,0,"(784, 512, 128, 30, 10)",9.800000190734863,9.800000190734863,129.40236155192056,120.86621856689453,8.53614075978597,3,3
315,94.0,relu,30,1.0,xavier_normal,32,32,16,0,"(784, 128, 30, 10)",9.800000190734863,9.800000190734863,26.22960154215495,24.228312174479168,2.0012890497843423,3,3
316,94.0,relu,30,1.0,xavier_normal,32,32,16,0,"(784, 30, 10)",9.800000190734863,9.800000190734863,8.453516324361166,7.818720817565918,0.6347954869270325,3,3
317,94.0,relu,30,3.0,lecun_normal,256,32,16,0,"(784, 128, 30, 10)",9.800000190734863,9.800000190734863,25.33917744954427,23.11530876159668,2.2238685290018716,3,3
318,94.0,relu,30,3.0,lecun_normal,256,32,16,0,"(784, 512, 128, 30, 10)",9.800000190734863,9.800000190734863,114.62519073486328,105.3246078491211,9.300580342610678,3,3
319,94.0,relu,30,3.0,xavier_normal,32,32,16,0,"(784, 30, 10)",9.800000190734863,9.800000190734863,8.252222061157227,7.6251756350199384,0.6270463864008585,3,3
320,94.0,relu,30,3.0,xavier_normal,32,32,16,0,"(784, 128, 30, 10)",9.800000190734863,9.800000190734863,26.22637685139974,24.2153746287028,2.0110018253326416,3,3
321,94.0,relu,30,3.0,xavier_normal,32,32,16,0,"(784, 512, 128, 30, 10)",9.800000190734863,9.800000190734863,130.0166473388672,121.4093017578125,8.607341766357422,1,1
322,94.0,relu,30,3.0,lecun_normal,128,32,16,0,"(784, 512, 128, 30, 10)",9.800000190734863,9.800000190734863,112.18168640136719,102.96479415893555,9.21689224243164,2,2
323,94.0,relu,30,3.0,lecun_normal,256,32,16,0,"(784, 30, 10)",9.800000190734863,9.800000190734863,8.713563601175943,8.065466245015463,0.6480970978736877,3,3
324,94.0,relu,30,3.0,lecun_normal,128,32,16,0,"(784, 128, 30, 10)",9.800000190734863,9.800000190734863,25.75055694580078,23.84273846944173,1.9078182379404705,3,3
325,94.0,relu,30,3.0,lecun_normal,32,32,16,0,"(784, 512, 128, 30, 10)",9.800000190734863,9.800000190734863,129.06969706217447,120.52231089274089,8.547388076782227,3,3
326,94.0,relu,30,3.0,lecun_normal,64,32,16,0,"(784, 30, 10)",9.800000190734863,9.800000190734863,8.988123575846354,8.335641543070475,0.6524819731712341,3,3
327,94.0,relu,30,3.0,lecun_normal,64,32,16,0,"(784, 128, 30, 10)",9.800000190734863,9.800000190734863,26.133920033772785,24.25859260559082,1.8753273487091064,3,3
328,94.0,relu,30,3.0,lecun_normal,64,32,16,0,"(784, 512, 128, 30, 10)",9.800000190734863,9.800000190734863,124.85787709554036,115.71636708577473,9.14151128133138,3,3
329,94.0,relu,30,3.0,lecun_normal,128,32,16,0,"(784, 30, 10)",9.800000190734863,9.800000190734863,8.52209504445394,7.872998555501302,0.6490962902704874,3,3
330,94.0,relu,30,6.0,lecun_normal,128,32,16,0,"(784, 128, 30, 10)",9.800000190734863,9.800000190734863,25.38339360555013,23.509113947550457,1.8742794195810955,3,3
331,94.0,relu,30,6.0,lecun_normal,128,32,16,0,"(784, 30, 10)",9.800000190734863,9.800000190734863,7.95118776957194,7.326249599456787,0.6249381105105082,3,3
332,94.0,relu,30,6.0,lecun_normal,64,32,16,0,"(784, 512, 128, 30, 10)",9.800000190734863,9.800000190734863,125.20616149902344,116.02481079101562,9.181350231170654,2,2
333,94.0,relu,30,6.0,lecun_normal,64,32,16,0,"(784, 128, 30, 10)",9.800000190734863,9.800000190734863,26.103337287902832,24.234339714050293,1.8689969778060913,2,2
334,94.0,relu,30,6.0,lecun_normal,32,32,16,0,"(784, 512, 128, 30, 10)",9.800000190734863,9.800000190734863,127.4371109008789,119.05642700195312,8.380682945251465,1,1
335,94.0,relu,30,3.0,lecun_normal,32,32,16,0,"(784, 128, 30, 10)",9.800000190734863,9.800000190734863,26.240692138671875,24.226465225219727,2.0142265955607095,3,3
336,94.0,relu,30,3.0,lecun_normal,32,32,16,0,"(784, 30, 10)",9.800000190734863,9.800000190734863,8.24802335103353,7.620704650878906,0.6273187796274821,3,3
337,94.0,relu,30,1.0,xavier_normal,256,32,16,0,"(784, 512, 128, 30, 10)",9.800000190734863,9.800000190734863,113.6346206665039,104.40868886311848,9.225932757059732,3,3
338,94.0,relu,30,6.0,lecun_normal,32,32,16,0,"(784, 128, 30, 10)",9.800000190734863,9.800000190734863,26.84641393025716,24.785996119181316,2.060417652130127,3,3
339,94.0,relu,30,6.0,lecun_normal,64,32,16,0,"(784, 30, 10)",9.800000190734863,9.800000190734863,8.5389404296875,7.898972193400065,0.639968196551005,3,3
340,94.0,relu,30,3.0,xavier_normal,128,32,16,0,"(784, 128, 30, 10)",9.800000190734863,9.800000190734863,25.572468439737957,23.677631378173828,1.8948368231455486,3,3
341,94.0,relu,30,3.0,xavier_normal,128,32,16,0,"(784, 512, 128, 30, 10)",9.800000190734863,9.800000190734863,111.74261474609375,102.5792236328125,9.1633882522583,2,2
342,94.0,relu,30,3.0,xavier_normal,256,32,16,0,"(784, 30, 10)",9.800000190734863,9.800000190734863,8.70926570892334,8.061518669128418,0.6477468609809875,3,3
343,94.0,relu,30,3.0,xavier_normal,256,32,16,0,"(784, 128, 30, 10)",9.800000190734863,9.800000190734863,25.089886983235676,22.88754399617513,2.202342669169108,3,3
344,94.0,relu,30,3.0,xavier_normal,256,32,16,0,"(784, 512, 128, 30, 10)",9.800000190734863,9.800000190734863,115.48707962036133,106.10897445678711,9.378104209899902,2,2
345,94.0,relu,30,6.0,lecun_normal,32,32,16,0,"(784, 30, 10)",9.800000190734863,9.800000190734863,8.544776598612467,7.899341742197673,0.6454345186551412,3,3
346,94.0,relu,30,6.0,lecun_normal,256,32,16,0,"(784, 30, 10)",9.800000190734863,9.800000190734863,8.583209991455078,7.9473795890808105,0.6358307798703512,3,3
347,94.0,relu,30,6.0,xavier_normal,64,32,16,0,"(784, 128, 30, 10)",9.800000190734863,9.800000190734863,26.215704600016277,24.330499013264973,1.885205825169881,3,3
348,94.0,relu,30,6.0,xavier_normal,64,32,16,0,"(784, 30, 10)",9.800000190734863,9.800000190734863,8.53382428487142,7.894998709360759,0.6388256947199503,3,3
349,94.0,relu,30,6.0,xavier_normal,32,32,16,0,"(784, 512, 128, 30, 10)",9.800000190734863,9.800000190734863,127.73634338378906,119.4031753540039,8.333165168762207,1,1
350,94.0,relu,30,6.0,xavier_normal,32,32,16,0,"(784, 128, 30, 10)",9.800000190734863,9.800000190734863,26.688610712687176,24.64958381652832,2.039026975631714,3,3
351,94.0,relu,30,6.0,xavier_normal,32,32,16,0,"(784, 30, 10)",9.800000190734863,9.800000190734863,8.383700688680014,7.741785526275635,0.641914983590444,3,3
352,94.0,relu,30,3.0,xavier_normal,128,32,16,0,"(784, 30, 10)",9.800000190734863,9.800000190734863,8.234784762064615,7.5929274559021,0.6418572862943014,3,3
353,94.0,relu,30,3.0,xavier_normal,64,32,16,0,"(784, 128, 30, 10)",9.800000190734863,9.800000190734863,26.12141291300456,24.24643325805664,1.8749797741572063,3,3
354,94.0,relu,30,3.0,xavier_normal,64,32,16,0,"(784, 30, 10)",9.800000190734863,9.800000190734863,8.759076436360678,8.113409678141275,0.6456663211186727,3,3
355,94.0,relu,30,9.0,lecun_normal,32,32,16,0,"(784, 30, 10)",9.800000190734863,9.800000190734863,8.601770401000977,7.923040548960368,0.678729792435964,3,3
356,94.0,relu,30,6.0,xavier_normal,256,32,16,0,"(784, 512, 128, 30, 10)",9.800000190734863,9.800000190734863,112.82177988688152,103.65761311848958,9.164165496826172,3,3
357,94.0,relu,30,6.0,xavier_normal,256,32,16,0,"(784, 128, 30, 10)",9.800000190734863,9.800000190734863,24.749338150024414,22.570166905721027,2.179171403249105,3,3
358,94.0,relu,30,6.0,xavier_normal,128,32,16,0,"(784, 128, 30, 10)",9.800000190734863,9.800000190734863,25.398115158081055,23.52050717671712,1.8776079416275024,3,3
359,94.0,relu,30,6.0,xavier_normal,256,32,16,0,"(784, 30, 10)",9.800000190734863,9.800000190734863,8.611571311950684,7.973801453908284,0.637769877910614,3,3
360,94.0,relu,30,6.0,xavier_normal,128,32,16,0,"(784, 30, 10)",9.800000190734863,9.800000190734863,7.952831904093425,7.327745278676351,0.6250865260759989,3,3
361,94.0,relu,30,6.0,xavier_normal,64,32,16,0,"(784, 512, 128, 30, 10)",9.800000190734863,9.800000190734863,124.82176208496094,115.64268493652344,9.17908000946045,1,1
362,94.0,relu,30,9.0,xavier_normal,128,32,16,0,"(784, 30, 10)",9.800000190734863,9.800000190734863,7.95093297958374,7.326023578643799,0.6249094208081564,3,3
363,94.0,relu,30,6.0,lecun_normal,128,32,16,0,"(784, 512, 128, 30, 10)",9.800000190734863,9.800000190734863,110.52850341796875,101.46178436279297,9.066720008850098,1,1
364,94.0,relu,30,9.0,xavier_normal,64,32,16,0,"(784, 128, 30, 10)",9.800000190734863,9.800000190734863,26.091245651245117,24.220967610677082,1.870278040568034,3,3
365,94.0,relu,30,1.0,xavier_normal,128,32,16,0,"(784, 512, 128, 30, 10)",9.800000190734863,9.800000190734863,108.46728515625,99.91349029541016,8.553794860839844,1,1
366,94.0,relu,30,0.75,xavier_normal,256,32,16,0,"(784, 512, 128, 30, 10)",9.800000190734863,9.800000190734863,112.7369384765625,103.57720947265625,9.159729957580566,2,2
367,94.0,relu,30,1.0,lecun_normal,32,32,16,0,"(784, 30, 10)",9.806666692097982,9.800000190734863,8.580761909484863,7.927365620930989,0.6533962686856588,3,3
368,94.0,relu,30,0.75,xavier_normal,64,32,16,0,"(784, 512, 128, 30, 10)",9.800000190734863,9.800000190734863,131.9122543334961,122.53076426188152,9.381490707397461,3,3
369,94.0,relu,30,1.0,xavier_normal,64,32,16,0,"(784, 30, 10)",9.800000190734863,9.800000190734863,8.550093650817871,7.908650239308675,0.6414433717727661,3,3
370,94.0,relu,30,1.0,xavier_normal,256,32,16,0,"(784, 128, 30, 10)",9.800000190734863,9.800000190734863,24.621134440104168,22.46083704630534,2.160297155380249,3,3
371,94.0,relu,30,1.0,xavier_normal,256,32,16,0,"(784, 30, 10)",9.800000190734863,9.800000190734863,8.464557329813639,7.835496584574382,0.6290608843167623,3,3
372,94.0,relu,30,0.75,xavier_normal,128,32,16,0,"(784, 512, 128, 30, 10)",9.800000190734863,9.800000190734863,112.85525512695312,104.54348246256511,8.311771392822266,3,3
373,94.0,relu,30,1.0,xavier_normal,128,32,16,0,"(784, 128, 30, 10)",9.800000190734863,9.800000190734863,25.406330108642578,23.667943318684895,1.7383873065312703,3,3
374,94.0,relu,30,1.0,xavier_normal,64,32,16,0,"(784, 512, 128, 30, 10)",9.800000190734863,9.800000190734863,124.49411265055339,115.3677978515625,9.126315116882324,3,3
375,94.0,relu,30,1.0,xavier_normal,64,32,16,0,"(784, 128, 30, 10)",9.800000190734863,9.800000190734863,26.11131413777669,24.24506378173828,1.8662505547205608,3,3
376,94.0,relu,30,0.75,xavier_normal,32,32,16,0,"(784, 128, 30, 10)",9.800000190734863,9.800000190734863,26.439620971679688,24.416637420654297,2.0229831536610923,3,3
377,94.0,relu,30,0.75,xavier_normal,32,32,16,0,"(784, 512, 128, 30, 10)",9.800000190734863,9.800000190734863,127.81072998046875,119.1427230834961,8.668011665344238,2,2
